id,admin0,admin1,admin2,admin3,date,cases,movement_fb,non_moving_fb,a_mean,mean_pop,sum_pop,o65_sum_pop,o65_perc_pop,long,lat,mean_city,mean_motor,mean_walk,StringencyIndex,GovernmentResponseIndex,ContainmentHealthIndex,EconomicSupportIndex
CLAN1,Chile,Antofagasta,Antofagasta,,2020-05-29,152.0,-0.45589,0.40787,423.70049870199995,11.790346145629881,463608.21875,44926.34765625,0.09690585,-69.405266,-24.278303,435.64819000000006,270.59058,991.27948,78.24,68.49,72.92,37.5
CLAN2,Chile,Antofagasta,Calama,,2020-05-29,113.0,,,260.780454197,8.281150817871094,162293.984375,11174.1025390625,0.068850994,-68.629326,-22.168104,260.79767000000004,221.56348,871.7990699999998,78.24,68.49,72.92,37.5
CLAN4,Chile,Antofagasta,Maria Elena,,2020-05-29,7.0,,,322.686636241,0.1129216253757477,1755.36669921875,66.39505767822266,0.037824038,-69.465836,-22.094164000000006,322.63977,268.00232,881.1043099999998,78.24,68.49,72.92,37.5
CLAN5,Chile,Antofagasta,Mejillones,,2020-05-29,17.0,,,187.731777142,3.072729110717773,13928.6806640625,1029.512817382813,0.073913164,-70.203491,-22.947752,266.83359,132.39537,792.8804299999998,78.24,68.49,72.92,37.5
CLAN6,Chile,Antofagasta,Ollague,,2020-05-29,0.0,,,246.97654118900002,0.0547421425580978,201.72479248046884,13.93565082550049,0.069082491,-68.315453,-21.457283,247.01283,187.15529,936.5614,78.24,68.49,72.92,37.5
CLAN7,Chile,Antofagasta,San Pedro de Atacama,,2020-05-29,3.0,,,353.62971226900004,0.5971812009811401,17920.212890625,2139.865234375,0.1194107,-67.909576,-23.403931,353.62085,233.21767000000003,1214.7328,78.24,68.49,72.92,37.5
CLAN8,Chile,Antofagasta,Sierra Gorda,,2020-05-29,0.0,,,316.473147809,0.3819039762020111,6261.31591796875,290.75732421875,0.046437096,-69.308914,-23.260221,316.48712,230.10007,926.45697,78.24,68.49,72.92,37.5
CLAN9,Chile,Antofagasta,Taltal,,2020-05-29,1.0,,,419.842057351,0.3752683401107788,9893.19921875,1083.208984375,0.10949026,-69.861549,-25.310318,421.80826,237.32709,1049.4202,78.24,68.49,72.92,37.5
CLAN10,Chile,Antofagasta,Tocopilla,,2020-05-29,2.0,-0.27446,0.24775,195.61987290599998,3.46413779258728,17982.33984375,2166.70166015625,0.12049053,-70.01753199999999,-22.002796,294.6904600000001,176.84123,659.6467299999998,78.24,68.49,72.92,37.5
CLAR1,Chile,Araucania,Angol,,2020-05-29,11.0,,,78.9625638117,30.61261367797852,53939.42578125,7047.64599609375,0.13065852,-72.795868,-37.768177,78.979568,35.049149,211.31952,78.24,68.49,72.92,37.5
CLAR2,Chile,Araucania,Carahue,,2020-05-29,5.0,,,57.614766448999994,12.885841369628912,25668.595703125,3560.500732421875,0.13871038,-73.269836,-38.610855,72.767105,21.513489,150.71327,78.24,68.49,72.92,37.5
CLAR3,Chile,Araucania,Cholchol,,2020-05-29,0.0,,,41.9466248038,18.81982421875,11950.5888671875,1785.848876953125,0.14943606,-72.902664,-38.582817,41.971699,19.129105,100.16982,78.24,68.49,72.92,37.5
CLAR4,Chile,Araucania,Collipulli,,2020-05-29,6.0,,,93.78355879290001,10.710859298706053,20629.115234375,2634.458740234375,0.12770586,-72.124382,-38.026123,93.69371,52.935844,330.35257,78.24,68.49,72.92,37.5
CLAR5,Chile,Araucania,Cunco,,2020-05-29,3.0,,,85.7160581354,7.053142070770264,19438.4609375,3078.3291015625,0.15836281,-71.99200400000002,-38.977291,85.683685,45.18853,234.89043,78.24,68.49,72.92,37.5
CLAR6,Chile,Araucania,Curacautin,,2020-05-29,0.0,,,97.2858302883,5.664896965026856,13935.6474609375,2120.587158203125,0.15216997,-71.771935,-38.427109,97.285828,39.579086,197.22006,78.24,68.49,72.92,37.5
CLAR7,Chile,Araucania,Curarrehue,,2020-05-29,0.0,,,174.965733866,5.086892127990723,8881.712890625,1173.71875,0.13215004,-71.539383,-39.336578,174.96573,95.203163,510.84351,78.24,68.49,72.92,37.5
CLAR9,Chile,Araucania,Ercilla,,2020-05-29,0.0,,,66.30458221020001,12.568359375,9288.017578125,1222.815795898438,0.1316552,-72.353325,-38.082355,66.197029,19.052643,138.60594,78.24,68.49,72.92,37.5
CLAR10,Chile,Araucania,Freire,,2020-05-29,17.0,,,26.708141321,21.72203254699707,28260.365234375,3946.653076171875,0.13965329999999998,-72.58770799999998,-38.954433,26.708141,13.67764,113.49693,78.24,68.49,72.92,37.5
CLAR11,Chile,Araucania,Galvarino,,2020-05-29,4.0,,,41.8998808105,11.36698627471924,9559.634765625,1357.082885742188,0.14195970000000002,-72.791542,-38.447956,41.880951,13.286325,102.45,78.24,68.49,72.92,37.5
CLAR12,Chile,Araucania,Gorbea,,2020-05-29,1.0,,,51.9399806389,15.297033309936518,15832.4287109375,2561.3603515625,0.16177937,-72.66926600000002,-39.171856,51.93998,19.354,113.43079,78.24,68.49,72.92,37.5
CLAR13,Chile,Araucania,Lautaro,,2020-05-29,5.0,,,36.6412157153,29.97822761535645,40500.5859375,4997.02734375,0.12338161,-72.289185,-38.543293,36.62148300000001,19.999546,143.7726,78.24,68.49,72.92,37.5
CLAR14,Chile,Araucania,Loncoche,,2020-05-29,14.0,,,68.2511945392,14.28406047821045,20926.1484375,3096.348388671875,0.14796552,-72.583237,-39.355911,68.249313,20.825989,131.26981,78.24,68.49,72.92,37.5
CLAR15,Chile,Araucania,Lonquimay,,2020-05-29,1.0,,,196.74465537900002,2.264913082122803,13211.23828125,1552.580078125,0.11751965,-71.239075,-38.474598,196.74471,77.628525,357.93365,78.24,68.49,72.92,37.5
CLAR16,Chile,Araucania,Los Sauces,,2020-05-29,1.0,,,73.52388535029999,4.165232181549071,5223.20068359375,803.500732421875,0.15383302,-72.796616,-37.98262,73.523888,22.830585,147.23805,78.24,68.49,72.92,37.5
CLAR17,Chile,Araucania,Lumaco,,2020-05-29,0.0,,,90.50426309379999,5.582116603851318,9171.4169921875,1197.753295898438,0.13059632,-73.04633299999998,-38.286945,90.504265,28.985037,176.62241,78.24,68.49,72.92,37.5
CLAR18,Chile,Araucania,Melipeuco,,2020-05-29,2.0,,,138.800965018,3.128201961517334,5177.17431640625,847.1617431640625,0.163634,-71.61055,-38.824745,138.82398999999998,73.543823,240.13382,78.24,68.49,72.92,37.5
CLAR19,Chile,Araucania,Nueva Imperial,,2020-05-29,1.0,,,39.1103955842,32.39596557617188,35214.4140625,5277.548828125,0.14986899,-72.972076,-38.751278000000006,39.152573,17.036158,131.88786000000002,78.24,68.49,72.92,37.5
CLAR20,Chile,Araucania,Padre Las Casas,,2020-05-29,8.0,,,10.9519650655,151.6595306396484,104341.75,10749.5673828125,0.10302269,-72.555527,-38.802219,10.951965,7.3579159,66.75836899999999,78.24,68.49,72.92,37.5
CLAR21,Chile,Araucania,Perquenco,,2020-05-29,0.0,,,32.0892494929,15.49137687683105,7621.75732421875,1102.270141601563,0.14462152,-72.436859,-38.428005,32.089249,12.87691,107.17444,78.24,68.49,72.92,37.5
CLAR22,Chile,Araucania,Pitrufquen,,2020-05-29,8.0,,,35.3657142857,29.73647117614746,25870.73046875,4188.908203125,0.16191689999999995,-72.663292,-39.083256,35.365715,15.425087,130.13257,78.24,68.49,72.92,37.5
CLAR23,Chile,Araucania,Pucon,,2020-05-29,3.0,,,121.090570059,28.21335411071777,50247.984375,5340.55517578125,0.10628397,-71.79259499999998,-39.271229,121.09057,50.767586,284.8114,78.24,68.49,72.92,37.5
CLAR24,Chile,Araucania,Puren,,2020-05-29,1.0,,,80.0729927007,14.98536968231201,10220.0224609375,1501.6661376953132,0.14693373,-73.049767,-38.01175300000001,80.07299,13.731228,86.890511,78.24,68.49,72.92,37.5
CLAR25,Chile,Araucania,Renaico,,2020-05-29,1.0,,,40.966836734699996,23.29690742492676,9178.9814453125,1243.08203125,0.13542701,-72.575623,-37.71748,40.987278,17.801945,111.0687,78.24,68.49,72.92,37.5
CLAR26,Chile,Araucania,Saavedra,,2020-05-29,2.0,,,36.775544388600004,21.70776748657227,12438.55078125,2008.1697998046882,0.16144724,-73.29561600000002,-38.832596,53.640335,8.386505099999999,69.15798199999999,78.24,68.49,72.92,37.5
CLAR27,Chile,Araucania,Temuco,,2020-05-29,12.0,,,12.308571428599999,562.0284423828125,393419.9375,41346.55078125,0.10509521,-72.668114,-38.67332800000001,12.311874,8.9478683,83.444923,78.24,68.49,72.92,37.5
CLAR28,Chile,Araucania,Teodoro Schmidt,,2020-05-29,2.0,,,34.6513761468,16.55538368225098,16273.94140625,2403.228271484375,0.14767339999999998,-73.128227,-39.005867,55.150307,13.769924,122.02454,78.24,68.49,72.92,37.5
CLAR29,Chile,Araucania,Tolten,,2020-05-29,1.0,,,34.8633879781,7.02493143081665,9012.9873046875,1340.35986328125,0.14871427,-73.065849,-39.217098,82.059563,29.989859000000006,174.4232,78.24,68.49,72.92,37.5
CLAR30,Chile,Araucania,Traiguen,,2020-05-29,0.0,,,61.7123493976,12.458272933959961,16656.7109375,2598.892333984375,0.15602674,-72.654938,-38.246597,61.712349,19.896944,145.39684,78.24,68.49,72.92,37.5
CLAR31,Chile,Araucania,Victoria,,2020-05-29,6.0,,,59.634328358199994,17.282220840454098,32335.03515625,4523.56298828125,0.13989665,-72.233032,-38.28051,59.616535,19.426785,146.63947,78.24,68.49,72.92,37.5
CLAR32,Chile,Araucania,Vilcun,,2020-05-29,13.0,,,61.4069877243,12.27871513366699,25944.92578125,3323.17138671875,0.1280856,-72.11640899999998,-38.704624,61.406986,36.934029,194.77573,78.24,68.49,72.92,37.5
CLAR33,Chile,Araucania,Villarrica,,2020-05-29,2.0,,,71.1085949563,43.15925598144531,75615.0234375,9250.546875,0.12233742,-72.183922,-39.301216,71.108536,20.68576,149.50566,78.24,68.49,72.92,37.5
CLAP1,Chile,Arica y Parinacota,Arica,,2020-05-29,71.0,-0.3104,0.28278000000000003,175.90952139400002,28.53623962402344,169219.90625,18686.00390625,0.11042438,-69.97222099999999,-18.532457,193.6586,120.75414,540.00928,78.24,68.49,72.92,37.5
CLAP2,Chile,Arica y Parinacota,Camarones,,2020-05-29,0.0,,,251.41082868400002,0.4942184388637543,2392.017333984375,366.375732421875,0.153166,-69.71515699999999,-18.937338,268.32745,169.24025,984.77954,78.24,68.49,72.92,37.5
CLAP4,Chile,Arica y Parinacota,General Lagos,,2020-05-29,0.0,,,212.62032667900002,0.4740230739116669,1310.199829101563,212.2397308349609,0.16199034,-69.57164,-17.830448,212.88837,116.92657,674.0932,78.24,68.49,72.92,37.5
CLAP5,Chile,Arica y Parinacota,Putre,,2020-05-29,0.0,,,279.29490358099997,0.1172405332326889,848.4697265625,152.9979553222656,0.18032223,-69.311485,-18.428013,279.31497,113.68156,462.33948,78.24,68.49,72.92,37.5
CLAT1,Chile,Atacama,Alto del Carmen,,2020-05-29,0.0,,,470.569931774,0.58433997631073,4805.02783203125,875.9134521484375,0.18229103,-70.156586,-28.990442,470.36676,323.26337,915.4361,78.24,68.49,72.92,37.5
CLAT2,Chile,Atacama,Caldera,,2020-05-29,1.0,,,47.574481327799994,3.305983304977417,15934.8388671875,1541.67626953125,0.096748784,-70.682198,-27.140207,114.70557,87.14608,521.88745,78.24,68.49,72.92,37.5
CLAT3,Chile,Atacama,Chanaral,,2020-05-29,1.0,,,175.309587217,1.548532247543335,11624.83203125,1323.345092773438,0.11383778,-70.33740999999999,-26.373245,183.44469,89.872421,527.12,78.24,68.49,72.92,37.5
CLAT4,Chile,Atacama,Copiapo,,2020-05-29,15.0,-0.2876,0.24807,228.570157046,9.082533836364746,212031.75,20828.927734375,0.098234944,-69.822731,-27.317051,230.30807,206.3831,1114.5049,78.24,68.49,72.92,37.5
CLAT6,Chile,Atacama,Diego de Almagro,,2020-05-29,4.0,,,753.826856125,0.291723370552063,7207.609375,434.8959655761719,0.060338449,-69.18824000000001,-26.232994,753.71985,466.28943,1368.7675,78.24,68.49,72.92,37.5
CLAT7,Chile,Atacama,Freirina,,2020-05-29,0.0,,,196.904806346,1.46862530708313,6300.40234375,815.7504272460938,0.12947592,-71.17907,-28.813934000000003,199.28629,101.52362,534.17706,78.24,68.49,72.92,37.5
CLAT8,Chile,Atacama,Huasco,,2020-05-29,0.0,-0.28854,0.21796,116.634008479,3.71535849571228,7883.99072265625,994.2901000976564,0.12611508,-71.029587,-28.250198,150.1201,87.07096899999998,456.08368,78.24,68.49,72.92,37.5
CLAT9,Chile,Atacama,Tierra Amarilla,,2020-05-29,1.0,,,379.47498148,1.026882886886597,15250.2373046875,1235.394775390625,0.081008233,-69.670479,-27.863205,379.4675,285.08759,1361.5927,78.24,68.49,72.92,37.5
CLAT10,Chile,Atacama,Vallenar,,2020-05-29,2.0,,,203.32438618400002,4.702336311340332,45133.0234375,5697.1875,0.12623101,-70.603073,-28.594477,203.32397,107.99031,564.0672,78.24,68.49,72.92,37.5
CLAI1,Chile,Aysen,Aysen,,2020-05-29,3.0,,,355.20088194,0.6462310552597046,31838.51171875,2961.577392578125,0.093018711,-73.774658,-45.989853,771.60657,581.60065,2229.6619,78.24,68.49,72.92,37.5
CLAI2,Chile,Aysen,Chile Chico,,2020-05-29,0.0,,,472.712141462,0.7168576717376709,6400.10546875,836.7894897460938,0.1307462,-72.586922,-46.76717,472.82004000000006,316.47379,775.02539,78.24,68.49,72.92,37.5
CLAI3,Chile,Aysen,Cisnes,,2020-05-29,0.0,,,-160.271671672,0.2558591663837433,6383.43017578125,478.5259704589844,0.074963763,-73.136688,-44.456944,491.21301,322.05725,1366.3999,78.24,68.49,72.92,37.5
CLAI4,Chile,Aysen,Cochrane,,2020-05-29,0.0,,,557.547968359,0.1865443736314774,2720.190185546875,257.966796875,0.094834104,-72.742401,-47.359085,557.55408,342.14996,765.47821,78.24,68.49,72.92,37.5
CLAI5,Chile,Aysen,Coyhaique,,2020-05-29,2.0,,,196.363689143,5.74793004989624,69302.7890625,6571.30859375,0.094820261,-71.99221800000002,-45.55439000000001,196.36128,161.7567,526.62268,78.24,68.49,72.92,37.5
CLAI7,Chile,Aysen,Guaitecas,,2020-05-29,0.0,,,-1281.73453094,1.912830591201782,1930.0460205078127,184.2267303466797,0.095451988,-73.81375899999998,-43.945766,387.03088,311.6833200000001,3315.6094,78.24,68.49,72.92,37.5
CLAI8,Chile,Aysen,Lago Verde,,2020-05-29,0.0,,,509.280176311,0.096706822514534,854.40478515625,103.8806991577148,0.12158254,-71.834305,-44.492481,509.27295,331.51334,1145.5867,78.24,68.49,72.92,37.5
CLAI9,Chile,Aysen,OHiggins,,2020-05-29,0.0,,,802.005425618,0.08874807506799699,1151.861328125,101.6730194091797,0.088268451,-72.881424,-48.467129,802.04401,520.974,1281.3748,78.24,68.49,72.92,37.5
CLAI10,Chile,Aysen,Rio Ibanez,,2020-05-29,0.0,,,335.148583276,0.1870477646589279,1796.0325927734382,316.0137634277344,0.17595102,-72.486908,-46.299606,335.15054,262.39398,610.50989,78.24,68.49,72.92,37.5
CLAI11,Chile,Aysen,Tortel,,2020-05-29,0.0,,,-430.23291754699994,0.0242844484746456,837.1820678710938,79.73741149902344,0.095245004,-74.154526,-48.032581,1040.7275,754.47052,2679.1826,78.24,68.49,72.92,37.5
CLBI1,Chile,Biobio,Alto Biobio,,2020-05-29,28.0,,,247.149296675,4.219685077667236,13207.6142578125,1044.636108398438,0.07909347900000001,-71.348831,-37.86545200000001,247.15282,92.797211,293.72443,78.24,68.49,72.92,37.5
CLBI2,Chile,Biobio,Antuco,,2020-05-29,10.0,,,249.658426184,1.258183240890503,3566.949462890625,610.0633544921875,0.17103224,-71.366577,-37.327755,249.72154,109.68674,505.79498,78.24,68.49,72.92,37.5
CLBI3,Chile,Biobio,Arauco,,2020-05-29,10.0,-0.33369,0.24065,-71.32411347520001,36.10653686523438,50982.43359375,5778.64697265625,0.11334585,-73.399796,-37.288361,49.819942,26.063473,135.55165,78.24,68.49,72.92,37.5
CLBI4,Chile,Biobio,Cabrero,,2020-05-29,1.0,,,40.2455590387,38.65864562988281,36803.03125,4526.64404296875,0.1229965,-72.38163,-37.061993,40.24556,13.093781,93.566353,78.24,68.49,72.92,37.5
CLBI5,Chile,Biobio,Canete,,2020-05-29,2.0,,,65.907788162,23.09134674072266,36969.24609375,4791.81591796875,0.12961628,-73.318161,-37.873634,97.361473,25.146839,120.86742,78.24,68.49,72.92,37.5
CLBI6,Chile,Biobio,Chiguayante,,2020-05-29,9.0,,,10.3366336634,1791.9510498046882,179195.09375,18445.9140625,0.10293761,-73.00314300000002,-36.900024,10.336634,8.9457159,47.623764,78.24,68.49,72.92,37.5
CLBI7,Chile,Biobio,Concepcion,,2020-05-29,48.0,-0.34904,0.29218,13.498432601900001,788.7560424804688,253979.453125,33028.47265625,0.13004388,-72.95134,-36.8344,13.498432,10.9318,85.965515,78.24,68.49,72.92,37.5
CLBI8,Chile,Biobio,Contulmo,,2020-05-29,0.0,,,101.74762407600001,4.670666217803955,4381.0849609375,681.1369018554688,0.15547219,-73.21191400000002,-38.05225,101.74156,23.938501,145.64136000000005,78.24,68.49,72.92,37.5
CLBI9,Chile,Biobio,Coronel,,2020-05-29,45.0,,,-99.9061728395,303.4990234375,123524.1015625,13814.115234375,0.11183336,-73.12709,-37.006973,23.8325,14.674748,65.737503,78.24,68.49,72.92,37.5
CLBI10,Chile,Biobio,Curanilahue,,2020-05-29,1.0,,,77.6363018355,19.77179718017578,29123.857421875,3487.450927734375,0.1197455,-73.234398,-37.483047,77.636299,44.752384,218.94902,78.24,68.49,72.92,37.5
CLBI12,Chile,Biobio,Florida,,2020-05-29,1.0,,,28.6325369738,10.65300559997559,9374.6455078125,1561.7952880859382,0.1665978,-72.717651,-36.822178,28.632538,22.663759,241.07622,78.24,68.49,72.92,37.5
CLBI13,Chile,Biobio,Hualpen,,2020-05-29,6.0,,,3.76388888889,1190.4931640625,85715.5078125,10582.4365234375,0.12346,-73.143326,-36.78755200000001,3.7638888,5.8834475999999984,49.25,78.24,68.49,72.92,37.5
CLBI14,Chile,Biobio,Hualqui,,2020-05-29,9.0,,,28.6921119593,38.47295761108398,30124.326171875,4054.77734375,0.13460143,-72.870125,-37.04417,28.692112,16.528666,114.76081,78.24,68.49,72.92,37.5
CLBI15,Chile,Biobio,Laja,,2020-05-29,2.0,,,39.450980392199995,37.21451950073242,18904.974609375,2380.4931640625,0.12591888,-72.582008,-37.312325,39.426613,20.158121,135.86693,78.24,68.49,72.92,37.5
CLBI16,Chile,Biobio,Lebu,,2020-05-29,0.0,,,-174.26417370299998,31.50518035888672,26149.298828125,3138.528076171875,0.12002341,-73.590599,-37.677135,81.08168,27.203299,281.65594,78.24,68.49,72.92,37.5
CLBI17,Chile,Biobio,Los Alamos,,2020-05-29,0.0,,,65.23981900449999,27.44402313232422,24150.740234375,3069.77587890625,0.12710898,-73.356903,-37.673172,88.061226,40.960686,179.53628999999995,78.24,68.49,72.92,37.5
CLBI18,Chile,Biobio,Los Angeles,,2020-05-29,48.0,,,22.4447049629,96.85555267333984,247272.234375,29631.40234375,0.11983312,-72.327492,-37.407475,22.441797,18.943546,149.85898,78.24,68.49,72.92,37.5
CLBI19,Chile,Biobio,Lota,,2020-05-29,9.0,,,37.4058823529,260.78213500976557,44072.1796875,5376.75146484375,0.12199876,-73.10530899999998,-37.11956,37.405884,27.880087,94.729408,78.24,68.49,72.92,37.5
CLBI20,Chile,Biobio,Mulchen,,2020-05-29,3.0,,,112.96362994399999,9.822489738464355,27856.580078125,4038.6279296875,0.14497931,-72.096687,-37.838402,112.98058,69.939987,295.2229,78.24,68.49,72.92,37.5
CLBI21,Chile,Biobio,Nacimiento,,2020-05-29,3.0,,,55.737951807200005,19.76592445373535,26229.3828125,3291.944091796875,0.12550597,-72.822159,-37.484955,55.73795300000001,33.893383,198.00377,78.24,68.49,72.92,37.5
CLBI22,Chile,Biobio,Negrete,,2020-05-29,3.0,,,24.117903930100002,40.27040100097656,9101.1103515625,1250.423217773438,0.13739239,-72.57570600000003,-37.607578,24.117905,7.5076575,51.860264,78.24,68.49,72.92,37.5
CLBI23,Chile,Biobio,Penco,,2020-05-29,7.0,,,11.6125,377.5410766601563,60406.5703125,6387.59375,0.10574336,-72.944214,-36.747826,11.590062,7.9732857,65.77018699999999,78.24,68.49,72.92,37.5
CLBI24,Chile,Biobio,Quilaco,,2020-05-29,0.0,,,189.193606755,2.145477533340454,3550.76513671875,633.6577758789062,0.17845668,-71.70475,-37.960999,189.29674,104.07861,376.57297,78.24,68.49,72.92,37.5
CLBI25,Chile,Biobio,Quilleco,,2020-05-29,0.0,,,100.925045704,6.379951953887939,10469.5009765625,1752.854736328125,0.16742486,-71.86138199999998,-37.436798,100.92505,57.754032,241.33151,78.24,68.49,72.92,37.5
CLBI26,Chile,Biobio,San Pedro de la Paz,,2020-05-29,36.0,,,-51.9941176471,723.8239135742188,122326.2421875,11575.7578125,0.094630212,-73.097809,-36.879986,6.8639054,5.809443,34.650887,78.24,68.49,72.92,37.5
CLBI27,Chile,Biobio,San Rosendo,,2020-05-29,0.0,,,43.6739130435,24.09670257568359,3349.441650390625,468.1915588378906,0.13978197,-72.72085600000003,-37.213047,43.79562,10.888166,65.262772,78.24,68.49,72.92,37.5
CLBI28,Chile,Biobio,Santa Barbara,,2020-05-29,8.0,,,157.180487805,10.48601150512695,19315.234375,2985.737548828125,0.15457942,-71.749191,-37.621288,157.08893999999995,98.280449,330.70172,78.24,68.49,72.92,37.5
CLBI29,Chile,Biobio,Santa Juana,,2020-05-29,0.0,,,47.9443954104,12.62997531890869,14284.501953125,2395.91845703125,0.16772853,-72.959991,-37.276089,47.944397,22.837132,127.3707,78.24,68.49,72.92,37.5
CLBI30,Chile,Biobio,Talcahuano,,2020-05-29,22.0,,,-366.84444444400003,1272.822143554688,166739.703125,19337.212890625,0.11597246,-73.099396,-36.715885,3.6230769,3.0621283,23.507692,78.24,68.49,72.92,37.5
CLBI31,Chile,Biobio,Tirua,,2020-05-29,0.0,,,66.6017130621,13.622196197509773,12641.3974609375,1395.7252197265632,0.1104091,-73.394615,-38.297207,109.89462,22.323021,148.99463,78.24,68.49,72.92,37.5
CLBI32,Chile,Biobio,Tome,,2020-05-29,4.0,,,12.8511821975,81.5334243774414,58540.99609375,8654.11328125,0.14782996,-72.85826899999998,-36.617039,26.795265,14.568789,132.01393000000002,78.24,68.49,72.92,37.5
CLBI33,Chile,Biobio,Tucapel,,2020-05-29,1.0,,,137.444861215,10.803086280822749,14454.529296875,2553.863037109375,0.17668255,-71.745338,-37.225616,137.22447,90.723785,238.06081,78.24,68.49,72.92,37.5
CLBI34,Chile,Biobio,Yumbel,,2020-05-29,5.0,,,41.8168083097,19.3913745880127,20593.640625,3555.6689453125,0.17265859,-72.61586,-37.088482,41.816807,15.237216,129.04816,78.24,68.49,72.92,37.5
CLCO1,Chile,Coquimbo,Andacollo,,2020-05-29,9.0,,,51.2658959538,10.13963603973389,7026.767578125,1017.7744750976559,0.14484249,-71.100723,-30.258919,51.264835,25.747696,131.26483000000002,78.24,68.49,72.92,37.5
CLCO2,Chile,Coquimbo,Canela,,2020-05-29,0.0,,,96.81550802139999,2.538216352462769,7599.419921875,1411.546630859375,0.185744,-71.394447,-31.401569,106.93215,53.11557,485.39404,78.24,68.49,72.92,37.5
CLCO3,Chile,Coquimbo,Combarbala,,2020-05-29,2.0,,,180.88814102599997,3.538721323013306,11062.04296875,2118.04248046875,0.19146937,-70.965858,-31.146473,181.02692,126.3791,353.79303,78.24,68.49,72.92,37.5
CLCO4,Chile,Coquimbo,Coquimbo,,2020-05-29,118.0,,,22.273336771500002,146.9963073730469,284290.875,30994.7421875,0.10902476,-71.358856,-30.228188,43.042332,26.861973,173.25142,78.24,68.49,72.92,37.5
CLCO6,Chile,Coquimbo,Illapel,,2020-05-29,2.0,,,289.35567297,9.107200622558594,32685.7421875,4648.83837890625,0.14222832,-70.970741,-31.549143,289.26538,169.80199,478.20975,78.24,68.49,72.92,37.5
CLCO7,Chile,Coquimbo,La Higuera,,2020-05-29,0.0,,,148.924843049,0.7507152557373047,4186.7392578125,495.5749206542969,0.11836775,-70.902039,-29.375298,168.9982,125.98408,566.8220200000002,78.24,68.49,72.92,37.5
CLCO8,Chile,Coquimbo,La Serena,,2020-05-29,28.0,,,64.7836990596,113.89572143554692,291117.46875,34021.7109375,0.11686592,-71.06044,-29.788916,72.676865,54.11685600000001,302.30118,78.24,68.49,72.92,37.5
CLCO9,Chile,Coquimbo,Los Vilos,,2020-05-29,0.0,,,117.073275862,7.534390449523926,19212.6953125,2446.760009765625,0.12735121,-71.303986,-31.977982,125.00745,52.046352,214.25844,78.24,68.49,72.92,37.5
CLCO10,Chile,Coquimbo,Monte Patria,,2020-05-29,9.0,,,295.291026536,6.039937973022461,34524.28515625,4525.4091796875,0.13107902,-70.65052,-30.834637,295.19379,192.71843,633.0907599999998,78.24,68.49,72.92,37.5
CLCO11,Chile,Coquimbo,Ovalle,,2020-05-29,27.0,,,43.3442759194,26.99462509155273,129736.171875,16841.478515625,0.12981328,-71.405357,-30.672935,51.673119,46.167324,389.3096,78.24,68.49,72.92,37.5
CLCO12,Chile,Coquimbo,Paiguano,,2020-05-29,0.0,,,288.698924731,2.563265562057495,5252.13134765625,779.8604125976562,0.14848456,-70.372108,-30.23432,288.53595,217.61563,550.888,78.24,68.49,72.92,37.5
CLCO13,Chile,Coquimbo,Punitaqui,,2020-05-29,2.0,,,72.71689189189999,7.808655738830566,11595.853515625,1788.853271484375,0.15426663,-71.333015,-30.945915000000007,72.716888,57.843372,475.49255,78.24,68.49,72.92,37.5
CLCO14,Chile,Coquimbo,Rio Hurtado,,2020-05-29,0.0,,,207.763343404,1.358891010284424,4053.572021484375,800.7763061523438,0.19754831,-70.653816,-30.430347,207.69386,160.60043000000005,674.98828,78.24,68.49,72.92,37.5
CLCO15,Chile,Coquimbo,Salamanca,,2020-05-29,2.0,,,381.091523991,5.741160869598389,27172.916015625,3594.38818359375,0.13227834,-70.661392,-31.893301,381.10275,246.09605,662.18671,78.24,68.49,72.92,37.5
CLCO16,Chile,Coquimbo,Vicuna,,2020-05-29,2.0,,,329.898900667,2.902345180511475,29577.798828125,3707.3798828125,0.12534334,-70.382324,-29.891956,329.92758,286.84784,884.2728300000001,78.24,68.49,72.92,37.5
CLLL1,Chile,Los Lagos,Ancud,,2020-05-29,1.0,,,-41.8005087209,15.445225715637212,42211.80078125,5001.51806640625,0.11848626,-73.79941600000002,-42.017792,86.464874,47.061733,225.07025,78.24,68.49,72.92,37.5
CLLL2,Chile,Los Lagos,Calbuco,,2020-05-29,0.0,,,-509.783606557,40.47805404663086,37158.8515625,5121.892578125,0.13783775,-73.194641,-41.722042,38.726013,20.196018,182.62891,78.24,68.49,72.92,37.5
CLLL3,Chile,Los Lagos,Castro,,2020-05-29,0.0,,,-325.683783784,94.50692749023438,70974.703125,8703.525390625,0.12262855,-73.803444,-42.473576,54.77279300000001,43.722042,150.68724,78.24,68.49,72.92,37.5
CLLL4,Chile,Los Lagos,Chaiten,,2020-05-29,0.0,,,393.93722416699995,0.523889422416687,6815.80126953125,651.0016479492188,0.09551359,-72.57624100000002,-43.09421500000001,507.51657,356.81741,947.35797,78.24,68.49,72.92,37.5
CLLL5,Chile,Los Lagos,Chonchi,,2020-05-29,0.0,,,-58.0957249071,8.142185211181642,17326.5703125,2284.648193359375,0.13185808,-73.930649,-42.682018,72.95766400000002,43.271801,154.36971,78.24,68.49,72.92,37.5
CLLL6,Chile,Los Lagos,Cochamo,,2020-05-29,0.0,,,439.221110394,0.7365248799324036,4551.7236328125,643.5800170898438,0.14139259,-72.093246,-41.763039,476.43042,298.3243700000001,579.54315,78.24,68.49,72.92,37.5
CLLL7,Chile,Los Lagos,Curaco de Velez,,2020-05-29,0.0,,,-872.2258064519999,33.16412734985352,4178.68017578125,772.3196411132812,0.18482383,-73.578537,-42.426544,16.221239,4.4541383,46.061947,78.24,68.49,72.92,37.5
CLLL8,Chile,Los Lagos,Dalcahue,,2020-05-29,0.0,,,62.8603929679,11.09459590911865,21479.138671875,2948.122802734375,0.13725516,-73.83560200000002,-42.309341,104.73105,77.330612,238.46365,78.24,68.49,72.92,37.5
CLLL10,Chile,Los Lagos,Fresia,,2020-05-29,0.0,,,120.49974657899999,6.003890514373777,11863.6875,1677.5797119140632,0.14140458,-73.605492,-41.153923,120.49975,71.806168,272.51141,78.24,68.49,72.92,37.5
CLLL11,Chile,Los Lagos,Frutillar,,2020-05-29,2.0,,,41.064894448800004,20.86455726623535,21573.951171875,2539.83544921875,0.11772695,-73.095055,-41.086601,41.06489600000001,17.614937,160.51994,78.24,68.49,72.92,37.5
CLLL12,Chile,Los Lagos,Futaleufu,,2020-05-29,0.0,,,588.115677321,1.024780988693237,2014.7193603515632,246.5935211181641,0.12239596,-72.007233,-43.180283,588.1142,334.7490200000001,494.73047,78.24,68.49,72.92,37.5
CLLL13,Chile,Los Lagos,Hualaihue,,2020-05-29,0.0,,,471.11036339199995,1.7127084732055655,7618.126953125,856.4591064453125,0.11242384,-72.37910500000002,-42.181393,551.31598,450.37048,951.3418,78.24,68.49,72.92,37.5
CLLL14,Chile,Los Lagos,Llanquihue,,2020-05-29,0.0,-0.3065,0.2157,29.7612612613,36.24982833862305,20952.400390625,2185.162109375,0.10429173,-73.132614,-41.23727,29.761261,12.67483,107.35135,78.24,68.49,72.92,37.5
CLLL15,Chile,Los Lagos,Los Muermos,,2020-05-29,0.0,,,46.8599160546,8.309138298034668,15803.9814453125,2080.287109375,0.13163057,-73.581764,-41.397175,52.133335,23.051655,188.51392,78.24,68.49,72.92,37.5
CLLL16,Chile,Los Lagos,Maullin,,2020-05-29,0.0,,,2.2695584818,8.896065711975098,11369.171875,1568.8828125,0.13799447,-73.505142,-41.634624,48.968094,21.127424,175.73074,78.24,68.49,72.92,37.5
CLLL17,Chile,Los Lagos,Osorno,,2020-05-29,12.0,-0.32654,0.24785,16.2145776567,128.2768249511719,188053.828125,23155.52734375,0.12313244,-73.086411,-40.611671,16.214577,12.572661,112.04973,78.24,68.49,72.92,37.5
CLLL18,Chile,Los Lagos,Palena,,2020-05-29,0.0,-0.39159,0.20649,516.503981265,0.3878593444824219,1634.0513916015632,208.62835693359384,0.12767552,-71.984261,-43.683064,516.55609,273.19485,943.06769,78.24,68.49,72.92,37.5
CLLL19,Chile,Los Lagos,Puerto Montt,,2020-05-29,12.0,,,19.5595054096,131.545654296875,336756.875,31399.96484375,0.093242235,-72.795181,-41.488205,74.022911,56.542171,192.00661,78.24,68.49,72.92,37.5
CLLL20,Chile,Los Lagos,Puerto Octay,,2020-05-29,0.0,,,95.64612037709999,3.506450653076172,8608.3369140625,984.6498413085938,0.11438328,-72.598763,-40.93219000000001,95.646118,54.853619,294.3887,78.24,68.49,72.92,37.5
CLLL21,Chile,Los Lagos,Puerto Varas,,2020-05-29,2.0,,,263.005455712,8.960518836975098,48207.59375,5123.78564453125,0.10628586,-72.387627,-41.190552,263.04718,167.39568,586.98248,78.24,68.49,72.92,37.5
CLLL22,Chile,Los Lagos,Puqueldon,,2020-05-29,0.0,,,-1424.95394737,23.32437324523926,3568.629150390625,611.9776000976562,0.17148815,-73.63709300000002,-42.626251,26.038462,16.686659,162.71538,78.24,68.49,72.92,37.5
CLLL23,Chile,Los Lagos,Purranque,,2020-05-29,23.0,,,82.57559443699999,9.265104293823242,20651.916015625,3094.095458984375,0.14982124,-73.456795,-40.935188,96.188591,59.960087,308.49619,78.24,68.49,72.92,37.5
CLLL24,Chile,Los Lagos,Puyehue,,2020-05-29,0.0,,,99.4421010744,4.837891578674316,11030.3935546875,1422.1312255859382,0.12892842,-72.380646,-40.725651,99.442101,65.261032,366.81656,78.24,68.49,72.92,37.5
CLLL25,Chile,Los Lagos,Queilen,,2020-05-29,0.0,,,-464.386666667,9.034382820129396,4761.11962890625,680.6380004882812,0.14295755,-73.565247,-42.855125,52.550201,15.339965,112.42771,78.24,68.49,72.92,37.5
CLLL26,Chile,Los Lagos,Quellon,,2020-05-29,0.0,,,21.375303568099998,8.100447654724121,43256.390625,3315.88720703125,0.076656587,-73.99494200000002,-43.151039,239.42767,172.99763000000004,726.8845200000002,78.24,68.49,72.92,37.5
CLLL27,Chile,Los Lagos,Quemchi,,2020-05-29,1.0,,,-558.807580175,12.74467945098877,8793.8291015625,1435.955322265625,0.16329125,-73.414299,-42.177315,56.85714300000001,16.387531,157.33852,78.24,68.49,72.92,37.5
CLLL28,Chile,Los Lagos,Quinchao,,2020-05-29,0.0,,,-2643.268,34.92856979370117,8522.5712890625,1300.642333984375,0.15261149,-73.360573,-42.520344,49.81420900000001,24.90679,329.2623,78.24,68.49,72.92,37.5
CLLL29,Chile,Los Lagos,Rio Negro,,2020-05-29,5.0,,,76.0537252914,6.00463342666626,11829.1279296875,1752.815185546875,0.14817789,-73.416893,-40.770042,86.277016,51.807911,205.65906,78.24,68.49,72.92,37.5
CLLL30,Chile,Los Lagos,San Juan de la Costa,,2020-05-29,0.0,,,88.0594360087,2.8989837169647217,6699.55126953125,1055.4541015625,0.15754101,-73.560402,-40.506451,105.59452,64.085052,214.71881,78.24,68.49,72.92,37.5
CLLL31,Chile,Los Lagos,San Pablo,,2020-05-29,0.0,,,27.2326783868,8.26914119720459,7971.4521484375,1312.004272460938,0.16458787,-73.161659,-40.426983,27.232677,13.815995,103.26991,78.24,68.49,72.92,37.5
CLLR1,Chile,Los Rios,Corral,,2020-05-29,0.0,,,38.7425474255,3.745686292648315,4142.72900390625,604.5259399414062,0.14592457,-73.37075,-39.987576,75.14415,46.468834,232.17226,78.24,68.49,72.92,37.5
CLLR3,Chile,Los Rios,Futrono,,2020-05-29,6.0,,,263.484724409,5.649559497833253,16818.73828125,1758.3546142578132,0.10454736,-72.115959,-40.118317,263.55322,153.89033999999995,397.72354,78.24,68.49,72.92,37.5
CLLR4,Chile,Los Rios,La Union,,2020-05-29,1.0,,,83.9065967941,11.76675510406494,37735.984375,4822.89453125,0.12780625,-73.220787,-40.201668,87.015724,46.667145,246.642,78.24,68.49,72.92,37.5
CLLR5,Chile,Los Rios,Lago Ranco,,2020-05-29,0.0,,,220.79560685,3.794285774230957,8886.2177734375,1185.537231445313,0.13341303,-72.16555799999998,-40.372547,220.64929,139.1839,340.12769,78.24,68.49,72.92,37.5
CLLR6,Chile,Los Rios,Lanco,,2020-05-29,0.0,,,77.91260923850001,23.065570831298828,18567.783203125,2548.669189453125,0.13726297,-72.621429,-39.511936,77.873749,29.663946000000006,116.235,78.24,68.49,72.92,37.5
CLLR7,Chile,Los Rios,Los Lagos,,2020-05-29,16.0,,,99.7472365512,8.92302131652832,23779.853515625,2814.081787109375,0.11833891,-72.554802,-39.878139,99.72155,57.15963000000001,257.4895,78.24,68.49,72.92,37.5
CLLR8,Chile,Los Rios,Mafil,,2020-05-29,0.0,,,52.239179954399994,7.711068153381348,6778.02880859375,990.873291015625,0.146189,-72.864304,-39.691895,52.208191,26.729446000000006,159.14903,78.24,68.49,72.92,37.5
CLLR9,Chile,Los Rios,Mariquina,,2020-05-29,1.0,,,47.398180899399996,9.493420600891113,18777.984375,2444.874267578125,0.13019897,-73.01984399999998,-39.512985,67.745316,34.599556,174.47089,78.24,68.49,72.92,37.5
CLLR10,Chile,Los Rios,Paillaco,,2020-05-29,1.0,,,44.482532751099995,15.1765775680542,20837.44140625,2898.75146484375,0.13911264,-72.843491,-40.074089,44.49308,20.706177,136.53968999999998,78.24,68.49,72.92,37.5
CLLR11,Chile,Los Rios,Panguipulli,,2020-05-29,2.0,,,185.06973947900002,7.883305072784424,37690.08203125,4826.3369140625,0.12805323,-72.02922099999998,-39.714447,185.03026,82.564339,267.38736,78.24,68.49,72.92,37.5
CLLR12,Chile,Los Rios,Rio Bueno,,2020-05-29,0.0,,,104.63765060200001,9.478199005126953,30861.015625,4219.00390625,0.13670982,-72.534729,-40.495804,104.64266,65.802994,254.72702,78.24,68.49,72.92,37.5
CLLR13,Chile,Los Rios,Valdivia,,2020-05-29,6.0,-0.40126,0.26462,12.374919198399999,122.19760131835942,187939.921875,22017.533203125,0.11715198,-73.174583,-39.817577,31.831497,27.852571,155.83992,78.24,68.49,72.92,37.5
CLMA2,Chile,Magallanes,Cabo de Hornos,,2020-05-29,0.0,,,-987.641049879,0.1005370691418648,3178.177978515625,291.1951904296875,0.091623314,-69.242355,-55.03136800000001,798.08746,436.88562,2055.7002,78.24,68.49,72.92,37.5
CLMA4,Chile,Magallanes,Laguna Blanca,,2020-05-29,0.0,,,129.79822222200002,0.0868548154830933,585.140869140625,69.71225738525389,0.11913756,-71.244164,-52.328091,134.30191000000002,130.71597,1059.0739999999996,78.24,68.49,72.92,37.5
CLMA5,Chile,Magallanes,Natales,,2020-05-29,1.0,,,-309.584391261,0.2475973665714264,21935.146484375,2981.611083984375,0.13592848,-73.99455999999998,-50.709919,1166.47,960.19159,3650.3669,78.24,68.49,72.92,37.5
CLMA6,Chile,Magallanes,Porvenir,,2020-05-29,0.0,,,228.825172891,0.3929218649864197,5667.11181640625,520.9988403320314,0.09193375,-69.38224,-53.302185,262.17755,116.09435,680.09735,78.24,68.49,72.92,37.5
CLMA7,Chile,Magallanes,Primavera,,2020-05-29,0.0,,,95.0401479134,0.09668410569429403,731.898681640625,47.1583480834961,0.06443288900000001,-69.331451,-52.808865,197.381,66.511101,385.60446,78.24,68.49,72.92,37.5
CLMA8,Chile,Magallanes,Punta Arenas,,2020-05-29,31.0,,,-743.6587096960001,3.6595826148986816,126061.640625,14982.5498046875,0.11885098,-72.010887,-53.64155600000001,473.19528,418.88193,2201.9429,78.24,68.49,72.92,37.5
CLMA9,Chile,Magallanes,Rio Verde,,2020-05-29,0.0,,,-300.16314888799997,0.0217945873737335,380.2065734863281,45.28084182739258,0.11909537,-72.451202,-52.846249,535.01508,457.36057,2045.4994,78.24,68.49,72.92,37.5
CLMA10,Chile,Magallanes,San Gregorio,,2020-05-29,0.0,,,117.92172073299999,0.0527494885027409,673.3999633789062,68.62503051757814,0.10190828,-70.217354,-52.320988,165.71421999999995,90.190308,608.02094,78.24,68.49,72.92,37.5
CLMA11,Chile,Magallanes,Timaukel,,2020-05-29,0.0,,,390.94940012800004,0.0796763226389885,1713.2001953125,157.2587738037109,0.091792412,-69.536423,-54.207985,551.83228,358.17502,1873.2445,78.24,68.49,72.92,37.5
CLMA12,Chile,Magallanes,Torres del Paine,,2020-05-29,0.0,,,380.59522772800005,0.1605535596609116,1763.520263671875,240.9627227783203,0.13663734,-72.831009,-51.057964,403.25104,207.22742,964.19873,78.24,68.49,72.92,37.5
CLML1,Chile,Maule,Cauquenes,,2020-05-29,12.0,-0.35282,0.23557,77.3889614631,14.68680953979492,44824.140625,7996.9462890625,0.17840713,-72.28085300000002,-35.971336,77.38732900000002,20.908333,130.29948000000002,78.24,68.49,72.92,37.5
CLML2,Chile,Maule,Chanco,,2020-05-29,0.0,,,47.671957672,12.78536128997803,9652.947265625,1478.29248046875,0.15314415,-72.485817,-35.698906,101.1117,13.374548,66.315163,78.24,68.49,72.92,37.5
CLML3,Chile,Maule,Colbun,,2020-05-29,12.0,,,353.079297246,4.750257968902588,19965.333984375,2679.35302734375,0.13420026,-70.979156,-36.076843,353.11557,110.38664,391.28952,78.24,68.49,72.92,37.5
CLML4,Chile,Maule,Constitucion,,2020-05-29,2.0,,,46.97548252479999,33.11154556274414,63441.72265625,6378.779296875,0.1005455,-72.27639,-35.363468,83.79319,21.902439,133.75706,78.24,68.49,72.92,37.5
CLML5,Chile,Maule,Curepto,,2020-05-29,0.0,,,57.2203278689,5.653957366943359,8594.015625,1643.51220703125,0.19123915,-71.95371999999998,-35.129490000000004,57.22032900000001,17.471268,93.61705,78.24,68.49,72.92,37.5
CLML6,Chile,Maule,Curico,,2020-05-29,68.0,-0.36064,0.28355,258.396018858,87.03556060791016,165889.78125,19067.326171875,0.11493973,-70.895493,-35.199078,258.39603,117.82031,396.56784,78.24,68.49,72.92,37.5
CLML8,Chile,Maule,Empedrado,,2020-05-29,0.0,,,89.89552238809999,4.811668395996094,3883.0166015625,502.5536804199219,0.12942351,-72.28474399999998,-35.613518,89.941544,20.471598,111.51865,78.24,68.49,72.92,37.5
CLML9,Chile,Maule,Hualane,,2020-05-29,11.0,,,65.88261351050001,12.237918853759773,10940.69921875,1738.8006591796882,0.15892957,-71.709549,-34.952332,65.882614,32.274288,148.45183,78.24,68.49,72.92,37.5
CLML10,Chile,Maule,Licanten,,2020-05-29,0.0,,,-31.802056555300002,20.87183570861816,8098.27197265625,1215.960083007813,0.15015057,-72.061279,-34.973904,71.783852,19.999971,73.252602,78.24,68.49,72.92,37.5
CLML11,Chile,Maule,Linares,,2020-05-29,10.0,-0.33359,0.26549,142.896208531,47.58108139038086,100348.5,13351.666015625,0.13305297,-71.332359,-35.958557,142.6597,71.395317,179.83199,78.24,68.49,72.92,37.5
CLML12,Chile,Maule,Longavi,,2020-05-29,7.0,,,132.84564078100001,14.11109733581543,29576.859375,3826.658447265625,0.12938015,-71.441338,-36.110786,132.84564,51.550983,141.70367,78.24,68.49,72.92,37.5
CLML13,Chile,Maule,Maule,,2020-05-29,5.0,,,11.1919770774,88.72418975830078,30787.294921875,3811.712890625,0.12380798,-71.712311,-35.508999,11.191978,5.859004,42.137535,78.24,68.49,72.92,37.5
CLML14,Chile,Maule,Molina,,2020-05-29,7.0,,,293.52147806,22.10625839233398,47771.625,6184.63134765625,0.12946245,-70.9104,-35.352848,293.52148,80.830391,356.28314,78.24,68.49,72.92,37.5
CLML15,Chile,Maule,Parral,,2020-05-29,22.0,,,141.428753181,15.950632095336909,37659.44140625,5480.462890625,0.14552693,-71.64559200000002,-36.262138,141.45058,62.5835,148.56131000000005,78.24,68.49,72.92,37.5
CLML16,Chile,Maule,Pelarco,,2020-05-29,0.0,,,31.5659574468,14.186121940612788,6710.03564453125,972.2766723632812,0.14489888,-71.35045600000002,-35.383148,31.584221000000007,20.094488,120.82089,78.24,68.49,72.92,37.5
CLML17,Chile,Maule,Pelluhue,,2020-05-29,0.0,,,98.787593985,16.773565292358402,8906.7626953125,1441.4676513671882,0.16183968,-72.608109,-35.911503,98.787598,33.296997,173.8252,78.24,68.49,72.92,37.5
CLML18,Chile,Maule,Pencahue,,2020-05-29,7.0,,,42.7534952171,7.943511009216309,10858.7802734375,1693.3795166015632,0.15594564,-71.816467,-35.327621,42.753494,22.003738,120.22222,78.24,68.49,72.92,37.5
CLML19,Chile,Maule,Rauco,,2020-05-29,4.0,,,34.0210280374,25.81644248962402,11178.51953125,1618.9873046875,0.14483021,-71.42600300000002,-34.937763000000004,34.021027000000004,21.729134,114.14486,78.24,68.49,72.92,37.5
CLML20,Chile,Maule,Retiro,,2020-05-29,7.0,,,39.49873631,13.91589069366455,16559.91015625,2304.226318359375,0.13914485,-71.82983399999998,-36.001919,39.541245,9.7582388,64.63131,78.24,68.49,72.92,37.5
CLML21,Chile,Maule,Rio Claro,,2020-05-29,0.0,,,31.601612903200003,21.9856071472168,13543.134765625,1704.9669189453132,0.12589160000000002,-71.270401,-35.259861,31.561092,10.883263,67.064308,78.24,68.49,72.92,37.5
CLML22,Chile,Maule,Romeral,,2020-05-29,3.0,,,222.440491875,8.292867660522461,18899.4453125,2086.522705078125,0.11040127,-70.711838,-35.068031,222.44049,145.87852,635.98065,78.24,68.49,72.92,37.5
CLML23,Chile,Maule,Sagrada Familia,,2020-05-29,3.0,,,37.4289340102,25.09773254394531,19902.501953125,2461.557861328125,0.12368082,-71.496803,-35.103352,37.428932,23.198914,108.09518,78.24,68.49,72.92,37.5
CLML24,Chile,Maule,San Clemente,,2020-05-29,11.0,,,281.906540608,6.466175556182861,41415.85546875,5307.12548828125,0.12814236,-70.848618,-35.711994,281.8651700000001,159.29079,557.50745,78.24,68.49,72.92,37.5
CLML25,Chile,Maule,San Javier,,2020-05-29,4.0,,,42.489893617,23.64760589599609,44528.44140625,6541.42236328125,0.14690436,-71.927864,-35.629333,42.514893,16.412378,84.109573,78.24,68.49,72.92,37.5
CLML26,Chile,Maule,San Rafael,,2020-05-29,4.0,,,19.625,26.02801322937012,9708.44921875,1224.625732421875,0.12614021,-71.501228,-35.302345,19.637333,10.013403,76.32800300000002,78.24,68.49,72.92,37.5
CLML27,Chile,Maule,Talca,,2020-05-29,28.0,-0.35177,0.27869,6.03975535168,926.3895263671876,301076.59375,34746.84765625,0.11540867,-71.602188,-35.42777299999999,6.0397553,4.6927648,45.681957,78.24,68.49,72.92,37.5
CLML28,Chile,Maule,Teno,,2020-05-29,1.0,,,67.4535147392,35.25810241699219,30956.615234375,3737.2734375,0.12072617,-71.02215600000002,-34.887882,67.453514,56.421047,229.44218,78.24,68.49,72.92,37.5
CLML29,Chile,Maule,Vichuquen,,2020-05-29,0.0,,,34.4968944099,7.802497863769531,5017.005859375,732.7718505859375,0.14605761,-72.023163,-34.841202,81.422119,16.819994,81.515579,78.24,68.49,72.92,37.5
CLML30,Chile,Maule,Villa Alegre,,2020-05-29,1.0,,,13.799270072999999,54.620033264160156,14747.4091796875,2240.338623046875,0.15191405,-71.684044,-35.68601599999999,13.827839,6.2311597,52.93040500000001,78.24,68.49,72.92,37.5
CLML31,Chile,Maule,Yerbas Buenas,,2020-05-29,6.0,,,15.024390243900001,48.29294967651367,18013.26953125,2132.59716796875,0.11839034,-71.544495,-35.68993,14.997305,6.275003,49.142857,78.24,68.49,72.92,37.5
CLRM1,Chile,Metropolitana,Alhue,,2020-05-29,2.0,,,112.11382799299999,4.226367473602295,5012.4716796875,727.4702758789062,0.14513205,-71.056816,-34.042606,112.11383,96.296837,328.3423200000001,78.24,68.49,72.92,37.5
CLRM2,Chile,Metropolitana,Buin,,2020-05-29,39.0,,,11.4572368421,291.8108215332031,87835.0546875,9114.4755859375,0.10376809,-70.740234,-33.748463,11.457237,5.3532505,40.740131,78.24,68.49,72.92,37.5
CLRM3,Chile,Metropolitana,Calera de Tango,,2020-05-29,17.0,,,3.22330097087,483.1386108398438,49763.27734375,4312.07568359375,0.086651765,-70.790337,-33.622837,3.2233009,3.5186005,36.019417,78.24,68.49,72.92,37.5
CLRM4,Chile,Metropolitana,Cerrillos,,2020-05-29,118.0,,,0.0,3519.79541015625,84475.09375,9814.2158203125,0.11617881,-70.712486,-33.499928000000004,0.0,0.6542356,11.095238,78.24,68.49,72.92,37.5
CLRM5,Chile,Metropolitana,Cerro Navia,,2020-05-29,237.0,,,0.0,7296.5751953125,109448.625,11508.978515625,0.10515416,-70.74339300000003,-33.42194,0.0,0.3622148,6.666666499999999,78.24,68.49,72.92,37.5
CLRM6,Chile,Metropolitana,Colina,,2020-05-29,260.0,,,68.0859259259,127.51358032226558,172270.84375,11903.2451171875,0.069096111,-70.615753,-33.134440999999995,68.085922,46.907555,152.09259,78.24,68.49,72.92,37.5
CLRM7,Chile,Metropolitana,Conchali,,2020-05-29,403.0,,,0.0,5672.58056640625,79416.125,12089.5166015625,0.15222999,-70.676285,-33.384128999999994,0.0,0.47861415,6.6428571,78.24,68.49,72.92,37.5
CLRM8,Chile,Metropolitana,Curacavi,,2020-05-29,54.0,,,45.3759011329,38.67725372314453,37478.2578125,4385.20458984375,0.11700663,-71.08000200000002,-33.36636,45.3759,26.730091,130.0865,78.24,68.49,72.92,37.5
CLRM10,Chile,Metropolitana,El Bosque,,2020-05-29,284.0,,,0.0,7897.3359375,173741.390625,19054.2890625,0.10967041,-70.676346,-33.561859000000005,0.0,1.1339186,13.25,78.24,68.49,72.92,37.5
CLRM11,Chile,Metropolitana,El Monte,,2020-05-29,26.0,,,11.116564417200001,231.9819183349609,38045.03515625,4280.22119140625,0.11250407,-71.0327,-33.667572,11.116565,7.8287325,51.22086,78.24,68.49,72.92,37.5
CLRM12,Chile,Metropolitana,Estacion Central,,2020-05-29,286.0,,,0.0,4921.66943359375,98433.390625,14538.0771484375,0.14769457,-70.701691,-33.463951,0.0,0.38062531,5.7368422,78.24,68.49,72.92,37.5
CLRM13,Chile,Metropolitana,Huechuraba,,2020-05-29,165.0,,,2.2857142857099997,1746.1849365234382,110009.65625,9812.1337890625,0.089193389,-70.63781,-33.360813,2.2857144,3.1083193,25.174603,78.24,68.49,72.92,37.5
CLRM14,Chile,Metropolitana,Independencia,,2020-05-29,582.0,,,0.0,3954.120849609375,39541.20703125,7585.16259765625,0.19182931,-70.664833,-33.414738,0.0,0.33592817,4.5454545,78.24,68.49,72.92,37.5
CLRM15,Chile,Metropolitana,Isla de Maipo,,2020-05-29,19.0,,,19.854477611900002,157.8360290527344,41510.875,4735.173828125,0.11407068,-70.945938,-33.748287,19.854477,13.836692,62.75373100000001,78.24,68.49,72.92,37.5
CLRM16,Chile,Metropolitana,La Cisterna,,2020-05-29,126.0,,,0.0,4669.5849609375,70043.78125,11184.04296875,0.15967217,-70.66372700000002,-33.529545,0.0,0.44298461,5.9333334,78.24,68.49,72.92,37.5
CLRM17,Chile,Metropolitana,La Florida,,2020-05-29,671.0,,,11.59,4587.2421875,458724.21875,42664.875,0.093007676,-70.53981800000003,-33.528385,11.59,7.8692541,40.970001,78.24,68.49,72.92,37.5
CLRM18,Chile,Metropolitana,La Granja,,2020-05-29,437.0,,,0.0,8554.23046875,128313.453125,14452.048828125,0.11263081,-70.622597,-33.53513,0.0,0.60929328,8.571428300000001,78.24,68.49,72.92,37.5
CLRM19,Chile,Metropolitana,La Pintana,,2020-05-29,575.0,,,0.268292682927,5245.9765625,215085.03125,14334.59765625,0.066646188,-70.63681,-33.587124,0.2682927,1.4287947,16.268293,78.24,68.49,72.92,37.5
CLRM20,Chile,Metropolitana,La Reina,,2020-05-29,159.0,,,1.2333333333299998,3022.869140625,96731.8125,13764.3876953125,0.14229432,-70.536598,-33.44677,1.2333333,1.5799665,16.1,78.24,68.49,72.92,37.5
CLRM21,Chile,Metropolitana,Lampa,,2020-05-29,204.0,,,27.5632,173.9549713134766,109069.765625,9872.466796875,0.090515159,-70.875084,-33.278358000000004,27.5632,18.446945,83.953598,78.24,68.49,72.92,37.5
CLRM22,Chile,Metropolitana,Las Condes,,2020-05-29,376.0,,,15.3381294964,2432.062744140625,338056.71875,54698.12890625,0.16180164,-70.50147199999998,-33.420547,15.338129,7.825253,34.669064,78.24,68.49,72.92,37.5
CLRM23,Chile,Metropolitana,Lo Barnechea,,2020-05-29,168.0,,,79.0203081232,116.9282379150391,166973.515625,10973.90234375,0.065722413,-70.3685,-33.299118,79.020309,59.047752,190.88165,78.24,68.49,72.92,37.5
CLRM24,Chile,Metropolitana,Lo Espejo,,2020-05-29,166.0,,,0.0,7515.68310546875,75156.8359375,10328.8232421875,0.13743025,-70.68938399999998,-33.520477,0.0,0.69335938,10.454545,78.24,68.49,72.92,37.5
CLRM25,Chile,Metropolitana,Lo Prado,,2020-05-29,179.0,,,0.0,8361.7998046875,91979.796875,10802.078125,0.11743968,-70.72305300000002,-33.446194,0.0,0.48382032,6.4000001,78.24,68.49,72.92,37.5
CLRM26,Chile,Metropolitana,Macul,,2020-05-29,255.0,,,0.0,5013.57470703125,95257.9140625,13746.4482421875,0.14430767,-70.59976999999998,-33.489670000000004,0.0,0.65691382,8.2631578,78.24,68.49,72.92,37.5
CLRM27,Chile,Metropolitana,Maipu,,2020-05-29,656.0,,,4.62234042553,8100.07763671875,1547114.875,109100.6640625,0.070518784,-70.808723,-33.506985,4.647059,5.1006026,43.700535,78.24,68.49,72.92,37.5
CLRM28,Chile,Metropolitana,Maria Pinto,,2020-05-29,12.0,,,40.2818181818,24.75616455078125,13591.134765625,1717.5213623046882,0.12637071,-71.210083,-33.497608,40.281818,24.045898,125.26182,78.24,68.49,72.92,37.5
CLRM29,Chile,Metropolitana,Melipilla,,2020-05-29,121.0,-0.37607,0.28298,42.7834562698,65.78676605224611,124731.703125,14662.037109375,0.11754860000000003,-71.195564,-33.744049,42.783455,30.384768,135.74446,78.24,68.49,72.92,37.5
CLRM30,Chile,Metropolitana,Nunoa,,2020-05-29,347.0,,,0.0,5591.296875,123008.53125,25770.4453125,0.20950128,-70.599068,-33.458015,0.0,0.33648491,3.8636363,78.24,68.49,72.92,37.5
CLRM31,Chile,Metropolitana,Padre Hurtado,,2020-05-29,57.0,,,5.46902654867,697.1036376953125,77378.5078125,7098.23046875,0.091733873,-70.871178,-33.557384000000006,5.4690265999999985,6.416600700000001,59.132744,78.24,68.49,72.92,37.5
CLRM32,Chile,Metropolitana,Paine,,2020-05-29,51.0,,,57.045358649799994,91.75087738037108,86704.5859375,8408.6591796875,0.096980557,-70.758301,-33.863373,57.045357,38.74681500000001,97.751053,78.24,68.49,72.92,37.5
CLRM33,Chile,Metropolitana,Pedro Aguirre Cerda,,2020-05-29,155.0,,,0.0,5863.31591796875,70359.7890625,12067.677734375,0.17151384,-70.67614,-33.491222,0.0,0.40977833,6.8571429,78.24,68.49,72.92,37.5
CLRM34,Chile,Metropolitana,Penaflor,,2020-05-29,89.0,,,2.57575757576,1161.139038085938,114952.765625,11328.576171875,0.098549835,-70.893845,-33.610817,2.5918367,3.3683813,26.857143,78.24,68.49,72.92,37.5
CLRM35,Chile,Metropolitana,Penalolen,,2020-05-29,627.0,,,4.76712328767,3626.267333984375,268343.78125,23533.03515625,0.087697335,-70.524178,-33.484978000000005,4.7671232,4.5088773,34.424656,78.24,68.49,72.92,37.5
CLRM36,Chile,Metropolitana,Pirque,,2020-05-29,62.0,,,98.419047619,80.5237045288086,50568.88671875,4566.029296875,0.090293251,-70.506638,-33.718647,98.419044,52.783825,132.78413,78.24,68.49,72.92,37.5
CLRM37,Chile,Metropolitana,Providencia,,2020-05-29,225.0,,,0.0,6524.10205078125,130482.0390625,29777.990234375,0.22821525,-70.61212900000002,-33.431789,0.0,0.13562223,1.8,78.24,68.49,72.92,37.5
CLRM38,Chile,Metropolitana,Pudahuel,,2020-05-29,352.0,,,14.109929078,1400.567626953125,389357.78125,30051.451171875,0.077182099,-70.854683,-33.424232,14.060071,15.507041,100.15548,78.24,68.49,72.92,37.5
CLRM39,Chile,Metropolitana,Puente Alto,,2020-05-29,1275.0,,,5.0826446281,8945.779296875,1091385.0,74678.9609375,0.068425864,-70.558388,-33.591476,5.0826445,2.7558875,21.165289,78.24,68.49,72.92,37.5
CLRM40,Chile,Metropolitana,Quilicura,,2020-05-29,676.0,,,0.607594936709,4594.2529296875,367540.25,16704.73828125,0.045450091,-70.735268,-33.355556,0.60759491,2.0735924,21.670887,78.24,68.49,72.92,37.5
CLRM41,Chile,Metropolitana,Quinta Normal,,2020-05-29,219.0,,,0.0,4523.32958984375,72373.2734375,11589.208984375,0.16013107,-70.700722,-33.428065999999994,0.0,0.4102048,6.8235292,78.24,68.49,72.92,37.5
CLRM42,Chile,Metropolitana,Recoleta,,2020-05-29,727.0,,,0.0,4795.02294921875,105490.5,15508.1376953125,0.1470098,-70.639374,-33.406067,0.0,0.52515155,6.6363635,78.24,68.49,72.92,37.5
CLRM43,Chile,Metropolitana,Renca,,2020-05-29,245.0,,,0.0,3886.05517578125,124353.765625,12240.44140625,0.098432414,-70.727127,-33.401768,0.0,0.68306994,12.058824,78.24,68.49,72.92,37.5
CLRM44,Chile,Metropolitana,San Bernardo,,2020-05-29,423.0,,,3.03240740741,1934.6043701171882,419809.15625,37663.828125,0.089716546,-70.723457,-33.629486,3.0324075,3.4915311,38.754631,78.24,68.49,72.92,37.5
CLRM45,Chile,Metropolitana,San Joaquin,,2020-05-29,176.0,,,0.0,4549.4990234375,63692.98828125,10272.35546875,0.16127922,-70.62849399999998,-33.495579,0.0,0.71537679,8.0,78.24,68.49,72.92,37.5
CLRM46,Chile,Metropolitana,San Jose de Maipo,,2020-05-29,49.0,,,329.73571121599997,2.484955787658691,17340.021484375,2125.50634765625,0.12257807,-70.096695,-33.704708000000004,329.59039,259.5578,612.18512,78.24,68.49,72.92,37.5
CLRM47,Chile,Metropolitana,San Miguel,,2020-05-29,239.0,,,0.0,4900.10498046875,68601.46875,12281.3330078125,0.17902434,-70.651329,-33.498771999999995,0.0,0.30144647,3.8571429,78.24,68.49,72.92,37.5
CLRM48,Chile,Metropolitana,San Pedro,,2020-05-29,7.0,,,39.8495971352,7.892449855804442,8815.8662109375,1347.0576171875,0.15279923,-71.452995,-33.932087,39.849598,24.020027,149.47359,78.24,68.49,72.92,37.5
CLRM49,Chile,Metropolitana,San Ramon,,2020-05-29,214.0,,,0.0,8207.1259765625,73864.140625,8705.7177734375,0.11786122,-70.642075,-33.540474,0.0,0.8191762,9.5,78.24,68.49,72.92,37.5
CLRM50,Chile,Metropolitana,Santiago,,2020-05-29,999.0,-0.54296,0.45612,0.0,4195.27880859375,130053.6484375,22455.74609375,0.17266525,-70.656807,-33.453007,0.0,0.36644235,5.2941175000000005,78.24,68.49,72.92,37.5
CLRM51,Chile,Metropolitana,Talagante,,2020-05-29,41.0,-0.38328,0.29393,4.24712643678,574.7315673828125,100578.03125,9393.40625,0.093394212,-70.893341,-33.6814,4.228571400000001,3.8690972,42.52,78.24,68.49,72.92,37.5
CLRM52,Chile,Metropolitana,Tiltil,,2020-05-29,43.0,,,39.579582875999996,20.43681907653809,18597.505859375,2165.5029296875,0.1164405,-70.875847,-33.062584,39.579582,24.104509,119.44896,78.24,68.49,72.92,37.5
CLRM53,Chile,Metropolitana,Vitacura,,2020-05-29,77.0,,,1.4047619047600002,2000.0020751953127,82000.0859375,12462.390625,0.15198022,-70.57225799999998,-33.378741999999995,1.4047618999999998,0.9627443,14.023809,78.24,68.49,72.92,37.5
CLNB1,Chile,Nuble,Bulnes,,2020-05-29,9.0,,,25.5735056543,37.13296508789063,23022.4375,3280.048583984375,0.14247182,-72.290237,-36.790161,25.573505,12.482622,121.41842,78.24,68.49,72.92,37.5
CLNB3,Chile,Nuble,Chillan Viejo,,2020-05-29,6.0,,,14.929503916400002,108.3459701538086,41063.12109375,4664.28662109375,0.11358821,-72.19856300000002,-36.680294,14.929503,12.579336,100.76762,78.24,68.49,72.92,37.5
CLNB2,Chile,Nuble,Chillan,,2020-05-29,32.0,,,12.905523255799999,287.9139099121094,199524.34375,25119.5546875,0.1258972,-72.129829,-36.617786,12.905523,12.667289,109.6061,78.24,68.49,72.92,37.5
CLNB4,Chile,Nuble,Cobquecura,,2020-05-29,0.0,,,90.84409257,5.210047721862793,4282.6591796875,813.2457885742188,0.18989272,-72.721039,-36.180904,90.844093,47.02824,298.7637,78.24,68.49,72.92,37.5
CLNB5,Chile,Nuble,Coelemu,,2020-05-29,10.0,,,44.5443548387,29.21983528137207,14434.5986328125,2179.390625,0.15098381,-72.750015,-36.505253,44.544353,16.962201999999998,121.85887,78.24,68.49,72.92,37.5
CLNB6,Chile,Nuble,Coihueco,,2020-05-29,1.0,,,158.791569087,10.30277729034424,26436.92578125,3608.19384765625,0.13648310000000002,-71.581276,-36.702023,158.79156,95.483795,418.21155,78.24,68.49,72.92,37.5
CLNB8,Chile,Nuble,El Carmen,,2020-05-29,9.0,,,53.7045454545,10.88479709625244,10558.2529296875,1693.418701171875,0.16038816,-71.847229,-36.924889,53.70454399999999,34.308665999999995,254.65289,78.24,68.49,72.92,37.5
CLNB9,Chile,Nuble,Ninhue,,2020-05-29,0.0,,,49.6931034483,8.029343605041504,4648.98974609375,852.46435546875,0.18336551,-72.409805,-36.356922,49.693104,20.554829,151.13103,78.24,68.49,72.92,37.5
CLNB10,Chile,Nuble,Niquen,,2020-05-29,0.0,,,51.5450704225,11.79617404937744,8434.2646484375,1540.9420166015632,0.18270022,-71.897614,-36.302105,51.571629,17.995134,127.54635,78.24,68.49,72.92,37.5
CLNB11,Chile,Nuble,Pemuco,,2020-05-29,1.0,,,64.41525423729999,11.760424613952642,9620.02734375,1394.7808837890632,0.14498721,-72.06822199999998,-36.98278,64.415253,27.123295,196.02058,78.24,68.49,72.92,37.5
CLNB12,Chile,Nuble,Pinto,,2020-05-29,0.0,,,165.63670412,7.787358283996582,12506.4970703125,1923.4964599609384,0.15379977,-71.499619,-36.921249,165.6367,105.85118,635.8002299999998,78.24,68.49,72.92,37.5
CLNB13,Chile,Nuble,Portezuelo,,2020-05-29,0.0,,,34.0307328605,10.65325355529785,4453.06005859375,770.314697265625,0.17298548,-72.466751,-36.545864,34.030731,18.733152,147.56502,78.24,68.49,72.92,37.5
CLNB14,Chile,Nuble,Quillon,,2020-05-29,9.0,,,37.6160409556,27.14695930480957,16098.1474609375,2825.98046875,0.17554693,-72.501968,-36.818958,37.616039,16.239292000000006,145.48123,78.24,68.49,72.92,37.5
CLNB15,Chile,Nuble,Quirihue,,2020-05-29,1.0,,,59.4218566392,14.606961250305181,12459.73828125,2059.019775390625,0.16525385,-72.543564,-36.235744,59.346291,21.09354,147.93403999999995,78.24,68.49,72.92,37.5
CLNB16,Chile,Nuble,Ranquil,,2020-05-29,0.0,,,34.1866295265,11.81910705566406,4231.240234375,779.73583984375,0.18428068,-72.588211,-36.640396,34.18663,20.433893,182.69916,78.24,68.49,72.92,37.5
CLNB17,Chile,Nuble,San Carlos,,2020-05-29,12.0,,,39.4649881983,41.15497589111328,52431.44140625,7804.35888671875,0.14884883,-72.018784,-36.38575,39.470867,17.763773,147.24095,78.24,68.49,72.92,37.5
CLNB18,Chile,Nuble,San Fabian,,2020-05-29,0.0,,,268.87455516,1.46431827545166,3284.4658203125,528.5147094726564,0.16091344,-71.287323,-36.58005900000001,268.74634,126.13187,579.76324,78.24,68.49,72.92,37.5
CLNB19,Chile,Nuble,San Ignacio,,2020-05-29,8.0,,,25.287619047600003,28.76232147216797,15042.693359375,2413.548095703125,0.16044654,-72.02971600000002,-36.822311,25.287619,17.280642999999998,149.56951999999995,78.24,68.49,72.92,37.5
CLNB20,Chile,Nuble,San Nicolas,,2020-05-29,1.0,,,25.2114914425,13.681802749633787,11178.033203125,1609.292724609375,0.14396922,-72.22831,-36.479641,25.211491,19.29496,157.25061000000005,78.24,68.49,72.92,37.5
CLNB21,Chile,Nuble,Treguaco,,2020-05-29,1.0,,,60.061674008800004,10.09578990936279,4593.58447265625,749.5390014648438,0.16317083,-72.660027,-36.427753,60.061672,25.014627,162.11234,78.24,68.49,72.92,37.5
CLNB22,Chile,Nuble,Yungay,,2020-05-29,3.0,,,75.1969949917,17.14780044555664,20645.953125,3231.733642578125,0.1565311,-71.930878,-37.104317,75.196999,32.35593,216.47913,78.24,68.49,72.92,37.5
CLLI1,Chile,OHiggins,Chepica,,2020-05-29,0.0,,,52.179148311300004,20.27214431762695,13724.2412109375,2103.697021484375,0.15328329999999998,-71.360718,-34.792145,52.17915,30.809441,179.42584,78.24,68.49,72.92,37.5
CLLI2,Chile,OHiggins,Chimbarongo,,2020-05-29,5.0,,,45.4442896936,51.64487838745117,36926.0859375,4663.99658203125,0.12630628,-70.98114,-34.751472,45.44429,38.232285,148.17827,78.24,68.49,72.92,37.5
CLLI3,Chile,OHiggins,Codegua,,2020-05-29,2.0,,,76.9949748744,39.528564453125,15692.83984375,1812.5443115234384,0.11550136,-70.547096,-34.057278000000004,76.994972,59.70058100000001,230.38693,78.24,68.49,72.92,37.5
CLLI4,Chile,OHiggins,Coinco,,2020-05-29,5.0,,,18.637037037,59.91051483154297,8147.830078125,1380.1414794921882,0.16938761,-70.97105400000002,-34.282406,18.637037,8.876853,61.48148000000001,78.24,68.49,72.92,37.5
CLLI5,Chile,OHiggins,Coltauco,,2020-05-29,5.0,,,45.768488746,61.319984436035156,18886.5546875,2825.27099609375,0.14959165,-71.07770500000002,-34.25938,45.971153,18.343807,101.79487,78.24,68.49,72.92,37.5
CLLI7,Chile,OHiggins,Donihue,,2020-05-29,8.0,,,30.434782608699997,211.2815399169922,24508.658203125,3125.197998046875,0.12751403,-70.924026,-34.197044,30.666666,21.879801,57.298244,78.24,68.49,72.92,37.5
CLLI8,Chile,OHiggins,Graneros,,2020-05-29,9.0,,,25.847133758000002,230.0564270019531,36348.9140625,4053.02197265625,0.11150325,-70.747231,-34.065258,25.847134,23.440657,71.955414,78.24,68.49,72.92,37.5
CLLI9,Chile,OHiggins,La Estrella,,2020-05-29,0.0,,,55.3205980066,9.085298538208008,5496.60595703125,872.0034790039062,0.15864399,-71.602287,-34.223183,55.320599,23.664444,184.54485,78.24,68.49,72.92,37.5
CLLI10,Chile,OHiggins,Las Cabras,,2020-05-29,2.0,,,65.60320452399999,26.34509468078613,27794.07421875,4008.806396484375,0.14423241,-71.332977,-34.164566,65.562263,27.959469,140.71698,78.24,68.49,72.92,37.5
CLLI11,Chile,OHiggins,Litueche,,2020-05-29,0.0,,,25.8955916473,6.591501712799072,5688.46630859375,928.6856079101564,0.16325764,-71.734268,-34.106941,49.209301,17.140854,133.95815,78.24,68.49,72.92,37.5
CLLI12,Chile,OHiggins,Lolol,,2020-05-29,0.0,,,62.4817001181,8.346973419189451,7111.62109375,1312.45654296875,0.18455097,-71.649147,-34.767857,62.481701,37.455086,288.7863200000001,78.24,68.49,72.92,37.5
CLLI13,Chile,OHiggins,Machali,,2020-05-29,7.0,,,355.23423423400004,12.293872833251948,45020.16015625,4802.65869140625,0.10667796,-70.319115,-34.320732,355.23422,341.04007,780.6532599999998,78.24,68.49,72.92,37.5
CLLI14,Chile,OHiggins,Malloa,,2020-05-29,1.0,,,56.5961538462,47.753623962402344,14994.6376953125,2003.4998779296882,0.13361442,-70.87213100000002,-34.477066,56.596153,36.809067,131.70192,78.24,68.49,72.92,37.5
CLLI15,Chile,OHiggins,Marchihue,,2020-05-29,0.0,,,65.47788565260001,9.46263599395752,8828.638671875,1395.5321044921882,0.15806878,-71.671883,-34.372826,65.505936,17.39465,115.84789,78.24,68.49,72.92,37.5
CLLI16,Chile,OHiggins,Mostazal,,2020-05-29,4.0,,,159.627875507,44.65930557250977,33092.546875,3749.735595703125,0.11331058,-70.568977,-33.955711,159.62787,90.951668,233.54533,78.24,68.49,72.92,37.5
CLLI17,Chile,OHiggins,Nancagua,,2020-05-29,4.0,,,26.2453703704,89.40043640136719,19668.095703125,2704.615478515625,0.13751283,-71.192146,-34.66769,26.245371,10.952373,52.95833199999999,78.24,68.49,72.92,37.5
CLLI18,Chile,OHiggins,Navidad,,2020-05-29,0.0,,,15.752358490599999,12.203176498413091,5137.537109375,1171.82177734375,0.22809018,-71.820663,-34.012539000000004,39.427895,10.154084,93.881798,78.24,68.49,72.92,37.5
CLLI19,Chile,OHiggins,Olivar,,2020-05-29,1.0,,,4.33898305085,264.3488159179688,15860.927734375,1711.60888671875,0.10791354,-70.821861,-34.211323,4.3333335,3.0825055,31.116667,78.24,68.49,72.92,37.5
CLLI20,Chile,OHiggins,Palmilla,,2020-05-29,0.0,,,44.757485029899996,37.54175186157227,12651.5703125,1674.1531982421882,0.13232771,-71.353279,-34.528403999999995,44.75748400000001,13.145673,66.517967,78.24,68.49,72.92,37.5
CLLI21,Chile,OHiggins,Paredones,,2020-05-29,0.0,,,62.1172069825,8.470887184143066,6819.064453125,1320.897094726563,0.1937065,-71.911713,-34.673466,87.269997,23.786936,175.41499,78.24,68.49,72.92,37.5
CLLI22,Chile,OHiggins,Peralillo,,2020-05-29,0.0,,,48.290322580600005,28.57542991638184,11458.7470703125,1807.105224609375,0.15770531,-71.497253,-34.466225,48.290321,17.211285,135.89578,78.24,68.49,72.92,37.5
CLLI23,Chile,OHiggins,Peumo,,2020-05-29,1.0,,,42.0273972603,78.31834411621094,17151.716796875,2286.9140625,0.13333441,-71.222435,-34.329269000000004,42.027397,12.807979,56.004566,78.24,68.49,72.92,37.5
CLLI24,Chile,OHiggins,Pichidegua,,2020-05-29,1.0,,,38.758314855900004,46.61843872070313,21071.53515625,3080.718017578125,0.14620283,-71.33962199999998,-34.371143,38.758316,10.812691,71.829269,78.24,68.49,72.92,37.5
CLLI25,Chile,OHiggins,Pichilemu,,2020-05-29,0.0,,,-8.445544554460001,17.49757194519043,17637.552734375,2546.05126953125,0.144354,-71.91109499999997,-34.383990999999995,91.456459,29.91662,172.46747,78.24,68.49,72.92,37.5
CLLI26,Chile,OHiggins,Placilla,,2020-05-29,0.0,,,34.573529411799996,44.07941818237305,8992.201171875,1315.512329101563,0.14629479999999995,-71.08667,-34.618797,34.573528,19.025204,70.990196,78.24,68.49,72.92,37.5
CLLI27,Chile,OHiggins,Pumanque,,2020-05-29,0.0,,,72.635483871,4.603410720825195,2840.304443359375,558.0533447265625,0.19647659,-71.69205500000002,-34.596081,72.629631,35.044594000000004,271.7182,78.24,68.49,72.92,37.5
CLLI28,Chile,OHiggins,Quinta de Tilcoco,,2020-05-29,0.0,,,19.6280991736,107.3744964599609,12884.939453125,1680.0947265625,0.13039213,-70.99807,-34.359566,19.628099,6.1653204000000015,58.24793199999999,78.24,68.49,72.92,37.5
CLLI29,Chile,OHiggins,Rancagua,,2020-05-29,83.0,,,26.4933333333,772.8285522460938,289810.6875,32674.53515625,0.11274441,-70.816772,-34.125839,26.493334,26.921404,100.064,78.24,68.49,72.92,37.5
CLLI30,Chile,OHiggins,Rengo,,2020-05-29,8.0,,,112.946924005,89.0616455078125,74188.3515625,8954.68359375,0.12070201,-70.71889499999997,-34.454567,112.94692,88.230263,267.98914,78.24,68.49,72.92,37.5
CLLI31,Chile,OHiggins,Requinoa,,2020-05-29,9.0,,,146.512016719,32.89138031005859,31246.8125,3294.706787109375,0.10544137,-70.659439,-34.334736,146.51202,128.92247,272.7095,78.24,68.49,72.92,37.5
CLLI32,Chile,OHiggins,San Fernando,,2020-05-29,8.0,,,347.20170368099997,25.93709754943848,85333.046875,10999.71484375,0.12890334,-70.602837,-34.743713,347.18777,296.00107,735.3326400000002,78.24,68.49,72.92,37.5
CLLI33,Chile,OHiggins,San Vicente,,2020-05-29,3.0,,,36.065885798000004,81.7590103149414,55841.40234375,8226.123046875,0.14731225,-71.123306,-34.477402000000005,36.065887,21.500124,100.23133,78.24,68.49,72.92,37.5
CLLI34,Chile,OHiggins,Santa Cruz,,2020-05-29,1.0,,,40.4137931034,75.39144134521484,41616.078125,6251.11083984375,0.15020904,-71.40226,-34.642925,40.413792,13.297295000000002,80.923775,78.24,68.49,72.92,37.5
CLTA1,Chile,Tarapaca,Alto Hospicio,,2020-05-29,153.0,,,74.47954866010001,167.7425384521484,119432.6875,5299.22119140625,0.04436994,-70.012192,-20.18984,74.479546,45.204185,222.69112,78.24,68.49,72.92,37.5
CLTA2,Chile,Tarapaca,Camina,,2020-05-29,2.0,,,258.7133922,0.2831964790821075,772.27685546875,123.0464706420898,0.15932947,-69.501099,-19.370022,258.71338,231.14641,1107.3304,78.24,68.49,72.92,37.5
CLTA3,Chile,Tarapaca,Colchane,,2020-05-29,1.0,,,243.827364185,0.3194980323314667,1587.2662353515632,252.2712097167969,0.1589344,-68.844902,-19.354412,243.82736,105.54053,405.78049,78.24,68.49,72.92,37.5
CLTA5,Chile,Tarapaca,Huara,,2020-05-29,11.0,,,180.286076923,0.3409942984580994,4426.44677734375,818.8663940429688,0.18499407,-69.663689,-19.601229,198.31058,159.44008,843.1051,78.24,68.49,72.92,37.5
CLTA6,Chile,Tarapaca,Iquique,,2020-05-29,267.0,-0.5188699999999999,0.43758,72.6907252441,81.53924560546875,234343.796875,25653.21484375,0.10946829,-70.04836999999999,-20.924337,100.81917,84.470871,537.99371,78.24,68.49,72.92,37.5
CLTA7,Chile,Tarapaca,Pica,,2020-05-29,6.0,,,266.24346274,5.210670948028564,58432.4609375,6365.201171875,0.10893262,-68.913055,-20.480455,266.27167000000003,155.41565,519.35681,78.24,68.49,72.92,37.5
CLTA8,Chile,Tarapaca,Pozo Almonte,,2020-05-29,19.0,,,195.505255212,1.6790378093719482,28901.279296875,2800.23291015625,0.096889585,-69.50798,-20.771471,195.49907,152.45847,795.96637,78.24,68.49,72.92,37.5
CLVS1,Chile,Valparaiso,Algarrobo,,2020-05-29,3.0,,,-61.4471544715,78.45915985107422,18987.1171875,2813.739501953125,0.14819203,-71.599693,-33.329334,20.008196,11.050156,109.83607,78.24,68.49,72.92,37.5
CLVS2,Chile,Valparaiso,Cabildo,,2020-05-29,5.0,,,124.04574838399999,11.73481845855713,23575.25,2536.593505859375,0.10759562,-70.823448,-32.416859,123.94422,82.07558399999998,331.25797,78.24,68.49,72.92,37.5
CLVS3,Chile,Valparaiso,Calera,,2020-05-29,9.0,,,32.3253012048,688.991455078125,56497.296875,7206.369140625,0.12755246,-71.156639,-32.794163,32.325302,20.92275,44.07228900000001,78.24,68.49,72.92,37.5
CLVS4,Chile,Valparaiso,Calle Larga,,2020-05-29,13.0,,,67.7233560091,30.18139266967773,13430.7197265625,1649.6171875,0.12282418,-70.543823,-32.950401,67.72335799999999,59.284912,208.96825,78.24,68.49,72.92,37.5
CLVS5,Chile,Valparaiso,Cartagena,,2020-05-29,6.0,,,-31.0321637427,97.09259796142578,32914.390625,5238.49072265625,0.15915503,-71.442032,-33.533386,27.657818,20.397026,129.79056,78.24,68.49,72.92,37.5
CLVS6,Chile,Valparaiso,Casablanca,,2020-05-29,2.0,,,21.2804232804,31.23929214477539,41485.78125,5018.46337890625,0.12096827,-71.435036,-33.315605,21.271149,11.543277,108.1216,78.24,68.49,72.92,37.5
CLVS7,Chile,Valparaiso,Catemu,,2020-05-29,3.0,,,88.71314741040001,29.9188117980957,15079.0810546875,1834.45263671875,0.12165546,-70.944839,-32.707111,88.620758,73.803986,183.0519,78.24,68.49,72.92,37.5
CLVS8,Chile,Valparaiso,Concon,,2020-05-29,5.0,,,-90.01886792450001,1010.7549438476559,109161.5390625,10830.5595703125,0.099215895,-71.467377,-32.951481,4.3523808,5.5617843,56.733334,78.24,68.49,72.92,37.5
CLVS10,Chile,Valparaiso,El Quisco,,2020-05-29,11.0,,,12.422535211300001,316.1312255859375,22761.44921875,4178.44775390625,0.18357565,-71.65167199999998,-33.415378999999994,12.422535,4.1263695,45.676056,78.24,68.49,72.92,37.5
CLVS11,Chile,Valparaiso,El Tabo,,2020-05-29,6.0,,,-62.5390070922,129.0582427978516,17810.037109375,3529.263427734375,0.19816148,-71.581284,-33.482822,8.4357147,5.571969,61.450001,78.24,68.49,72.92,37.5
CLVS12,Chile,Valparaiso,Hijuelas,,2020-05-29,7.0,,,41.1494565217,64.60889434814453,23905.291015625,2777.81689453125,0.11620092,-71.08097099999998,-32.869053,40.989101,25.429663,102.11989,78.24,68.49,72.92,37.5
CLVS13,Chile,Valparaiso,Isla de Pascua,,2020-05-29,0.0,,,10939.5654206,28.3863582611084,6046.2939453125,348.4872741699219,0.057636511,-109.3553,-27.119564,11858.835,11.916004,108.62621,78.24,68.49,72.92,37.5
CLVS14,Chile,Valparaiso,Juan Fernandez,,2020-05-29,0.0,,,-4826.21052632,7.047022342681885,1078.1943359375,89.04730224609375,0.082589291,-79.86700400000002,-33.353207,2286.375,2247.4443,41725.578,78.24,68.49,72.92,37.5
CLVS15,Chile,Valparaiso,La Cruz,,2020-05-29,2.0,,,18.0185185185,208.76861572265636,23173.31640625,3171.66162109375,0.13686697,-71.24080699999998,-32.824566,17.747663,17.084875,73.981308,78.24,68.49,72.92,37.5
CLVS16,Chile,Valparaiso,La Ligua,,2020-05-29,6.0,,,60.251240694799996,27.9551887512207,44923.98828125,5251.634765625,0.11690046,-71.27131700000002,-32.35371,79.00683599999998,47.17984000000001,185.13922,78.24,68.49,72.92,37.5
CLVS17,Chile,Valparaiso,Limache,,2020-05-29,6.0,,,18.3333333333,136.6038513183594,56553.99609375,7989.22265625,0.14126717,-71.27889300000002,-33.030407000000004,18.333334,13.888998999999998,67.063263,78.24,68.49,72.92,37.5
CLVS18,Chile,Valparaiso,Llaillay,,2020-05-29,16.0,,,60.8964803313,54.61635208129883,26270.46484375,3241.248779296875,0.12337995,-70.901657,-32.887733000000004,60.977272,42.559677,140.3967,78.24,68.49,72.92,37.5
CLVS19,Chile,Valparaiso,Los Andes,,2020-05-29,36.0,-0.39031,0.30217,255.799418605,54.43893051147461,93362.765625,10383.046875,0.11121186,-70.242859,-32.950737,255.6178,242.70152,694.84296,78.24,68.49,72.92,37.5
CLVS20,Chile,Valparaiso,Nogales,,2020-05-29,2.0,,,61.6998223801,60.44877624511719,34153.55859375,4003.406982421875,0.11721786,-71.17659,-32.691364,61.673759,45.303619,125.98936,78.24,68.49,72.92,37.5
CLVS21,Chile,Valparaiso,Olmue,,2020-05-29,7.0,,,34.368421052600006,58.58872604370117,19158.513671875,2876.729248046875,0.1501541,-71.110283,-33.035255,34.36842,22.615070000000006,83.06501800000002,78.24,68.49,72.92,37.5
CLVS22,Chile,Valparaiso,Panquehue,,2020-05-29,3.0,,,25.4852071006,64.55854797363281,10781.27734375,1247.513305664063,0.11571109,-70.828194,-32.793198,25.485207,21.934568,123.35503,78.24,68.49,72.92,37.5
CLVS23,Chile,Valparaiso,Papudo,,2020-05-29,3.0,,,44.5575221239,27.30312156677246,6252.41455078125,807.0621337890625,0.12908007,-71.380089,-32.474957,44.557522,16.397005,92.911507,78.24,68.49,72.92,37.5
CLVS24,Chile,Valparaiso,Petorca,,2020-05-29,3.0,-0.31991,0.21462,194.93842482099998,4.861573219299316,10184.9951171875,1438.392333984375,0.1412266,-70.87015500000003,-32.190388,194.88406,125.48476,275.12119,78.24,68.49,72.92,37.5
CLVS25,Chile,Valparaiso,Puchuncavi,,2020-05-29,2.0,,,-19.2853717026,45.98569107055664,19038.076171875,2649.048828125,0.13914478,-71.38784,-32.745102,28.809639,20.670195,117.09879,78.24,68.49,72.92,37.5
CLVS26,Chile,Valparaiso,Putaendo,,2020-05-29,2.0,,,252.909090909,10.17300224304199,20427.388671875,3255.684814453125,0.15937841,-70.521751,-32.481236,252.5372,224.21893,548.1972,78.24,68.49,72.92,37.5
CLVS27,Chile,Valparaiso,Quillota,,2020-05-29,7.0,-0.30335,0.26411,14.963768115899999,247.8671417236328,102121.2578125,14069.6455078125,0.13777392,-71.271866,-32.904236,14.963768,13.800431,77.152176,78.24,68.49,72.92,37.5
CLVS28,Chile,Valparaiso,Quilpue,,2020-05-29,33.0,,,40.0240963855,267.84671020507807,199277.953125,29143.66796875,0.14624633,-71.253716,-33.147202,40.024097,29.090334,110.44712,78.24,68.49,72.92,37.5
CLVS29,Chile,Valparaiso,Quintero,,2020-05-29,15.0,,,-39.9054726368,140.0009765625,28140.197265625,4042.40869140625,0.14365247,-71.472748,-32.841801000000004,9.8900003,9.3399563,76.470001,78.24,68.49,72.92,37.5
CLVS30,Chile,Valparaiso,Rinconada,,2020-05-29,8.0,,,26.722543352600002,57.23113250732422,9958.216796875,1242.761352539063,0.12479758,-70.70591,-32.87579,26.722544,25.73737,86.820808,78.24,68.49,72.92,37.5
CLVS31,Chile,Valparaiso,San Antonio,,2020-05-29,73.0,-0.39594,0.2911,-18.636036036,200.4135589599609,111830.765625,13649.5234375,0.12205517,-71.489388,-33.664024,17.459312,12.79108,97.779388,78.24,68.49,72.92,37.5
CLVS32,Chile,Valparaiso,San Esteban,,2020-05-29,1.0,,,239.546743697,11.52338314056396,21917.474609375,2541.8134765625,0.115972,-70.348351,-32.686554,239.54674,213.29811,603.54199,78.24,68.49,72.92,37.5
CLVS33,Chile,Valparaiso,San Felipe,,2020-05-29,25.0,,,28.1899224806,356.9748840332031,92099.515625,11487.8896484375,0.12473344,-70.752792,-32.73608,28.602316,27.967361,92.200775,78.24,68.49,72.92,37.5
CLVS34,Chile,Valparaiso,Santa Maria,,2020-05-29,4.0,,,59.5151515152,75.42161560058594,17120.70703125,2159.263671875,0.12612,-70.609634,-32.68549,59.515152,50.280117,124.77056,78.24,68.49,72.92,37.5
CLVS35,Chile,Valparaiso,Santo Domingo,,2020-05-29,3.0,,,-183.38430851099997,16.30513191223145,12179.93359375,1591.3148193359382,0.13065054,-71.676903,-33.809479,29.998642,15.227174,101.53804,78.24,68.49,72.92,37.5
CLVS36,Chile,Valparaiso,Valparaiso,,2020-05-29,70.0,-0.3985800000000001,0.32243,-61.209677419399995,601.8955688476562,261824.5625,37505.10546875,0.14324518,-71.57257800000002,-33.129665,7.962876799999999,6.894875,75.048721,78.24,68.49,72.92,37.5
CLVS37,Chile,Valparaiso,Villa Alemana,,2020-05-29,25.0,,,11.447761194000002,1398.12939453125,187349.34375,25439.826171875,0.13578817,-71.330215,-33.06736,11.447762,12.395734,60.052238,78.24,68.49,72.92,37.5
CLVS38,Chile,Valparaiso,Vina del Mar,,2020-05-29,113.0,,,2.66666666667,1767.1927490234382,298655.5625,46151.6484375,0.15453136,-71.51571700000002,-33.027275,2.6666667,3.1609738,24.65497,78.24,68.49,72.92,37.5
CLVS39,Chile,Valparaiso,Zapallar,,2020-05-29,3.0,,,35.8947368421,21.30170249938965,8499.37890625,1150.797607421875,0.13539785,-71.33564799999998,-32.586975,35.894737,17.96876,117.4386,78.24,68.49,72.92,37.5
